Country,Link_to_hotels
Italy,https://fr.hotels.com/search.do?destination-id=712491&q-check-in=2021-12-29&q-check-out=2021-12-30&q-rooms=1&q-room-0-adults=2&q-room-0-children=0
Italy,https://fr.hotels.com/search.do?destination-id=710846&q-check-in=2021-12-29&q-check-out=2021-12-30&q-rooms=1&q-room-0-adults=2&q-room-0-children=0
Italy,https://fr.hotels.com/search.do?destination-id=712492&q-check-in=2021-12-29&q-check-out=2021-12-30&q-rooms=1&q-room-0-adults=2&q-room-0-children=0
Italy,https://fr.hotels.com/search.do?destination-id=1635832&q-check-in=2021-12-29&q-check-out=2021-12-30&q-rooms=1&q-room-0-adults=2&q-room-0-children=0
England,https://fr.hotels.com/search.do?destination-id=547662&q-check-in=2021-12-29&q-check-out=2021-12-30&q-rooms=1&q-room-0-adults=2&q-room-0-children=0
England,https://fr.hotels.com/search.do?destination-id=556383&q-check-in=2021-12-29&q-check-out=2021-12-30&q-rooms=1&q-room-0-adults=2&q-room-0-children=0
England,https://fr.hotels.com/search.do?destination-id=544578&q-check-in=2021-12-29&q-check-out=2021-12-30&q-rooms=1&q-room-0-adults=2&q-room-0-children=0
England,https://fr.hotels.com/search.do?destination-id=549499&q-check-in=2021-12-29&q-check-out=2021-12-30&q-rooms=1&q-room-0-adults=2&q-room-0-children=0
France,https://fr.hotels.com/search.do?destination-id=510502&q-check-in=2021-12-29&q-check-out=2021-12-30&q-rooms=1&q-room-0-adults=2&q-room-0-children=0
France,https://fr.hotels.com/search.do?destination-id=1635224&q-check-in=2021-12-29&q-check-out=2021-12-30&q-rooms=1&q-room-0-adults=2&q-room-0-children=0
France,https://fr.hotels.com/search.do?destination-id=501534&q-check-in=2021-12-29&q-check-out=2021-12-30&q-rooms=1&q-room-0-adults=2&q-room-0-children=0
France,https://fr.hotels.com/search.do?destination-id=504261&q-check-in=2021-12-29&q-check-out=2021-12-30&q-rooms=1&q-room-0-adults=2&q-room-0-children=0
Germany,https://fr.hotels.com/search.do?destination-id=10233060&q-check-in=2021-12-29&q-check-out=2021-12-30&q-rooms=1&q-room-0-adults=2&q-room-0-children=0&sort-order=BEST_SELLER
Belgium,https://fr.hotels.com/search.do?destination-id=10233014&q-check-in=2021-12-29&q-check-out=2021-12-30&q-rooms=1&q-room-0-adults=2&q-room-0-children=0&sort-order=BEST_SELLER
Serbia,https://fr.hotels.com/search.do?destination-id=10233189&q-check-in=2021-12-29&q-check-out=2021-12-30&q-rooms=1&q-room-0-adults=2&q-room-0-children=0&sort-order=BEST_SELLER
Austria,https://fr.hotels.com/search.do?destination-id=10233008&q-check-in=2021-12-29&q-check-out=2021-12-30&q-rooms=1&q-room-0-adults=2&q-room-0-children=0&sort-order=BEST_SELLER
Algerie,https://fr.hotels.com/search.do?destination-id=10233000&q-check-in=2021-12-29&q-check-out=2021-12-30&q-rooms=1&q-room-0-adults=2&q-room-0-children=0&sort-order=BEST_SELLER
Maroc,https://fr.hotels.com/search.do?destination-id=10233117&q-check-in=2021-12-29&q-check-out=2021-12-30&q-rooms=1&q-room-0-adults=2&q-room-0-children=0&sort-order=BEST_SELLER
Egypte,https://fr.hotels.com/search.do?destination-id=10233048&q-check-in=2021-12-29&q-check-out=2021-12-30&q-rooms=1&q-room-0-adults=2&q-room-0-children=0&sort-order=BEST_SELLER
Qatar,https://fr.hotels.com/search.do?destination-id=10233143&q-check-in=2021-12-29&q-check-out=2021-12-30&q-rooms=1&q-room-0-adults=2&q-room-0-children=0&sort-order=BEST_SELLER
United Arab Emirates,https://fr.hotels.com/search.do?destination-id=10233182&q-check-in=2021-12-29&q-check-out=2021-12-30&q-rooms=1&q-room-0-adults=2&q-room-0-children=0&sort-order=BEST_SELLER
Saudi Arabia,https://fr.hotels.com/search.do?destination-id=10233150&q-check-in=2021-12-29&q-check-out=2021-12-30&q-rooms=1&q-room-0-adults=2&q-room-0-children=0&sort-order=BEST_SELLER
Senegal,https://fr.hotels.com/search.do?destination-id=10233151&q-check-in=2021-12-29&q-check-out=2021-12-30&q-rooms=1&q-room-0-adults=2&q-room-0-children=0&sort-order=BEST_SELLER
Sri Lanka,https://fr.hotels.com/search.do?destination-id=10233160&q-check-in=2021-12-29&q-check-out=2021-12-30&q-rooms=1&q-room-0-adults=2&q-room-0-children=0&sort-order=BEST_SELLER
Spain,https://fr.hotels.com/search.do?destination-id=1633753&q-check-in=2021-12-29&q-check-out=2021-12-30&q-rooms=1&q-room-0-adults=2&q-room-0-children=0
Spain,https://fr.hotels.com/search.do?destination-id=457987&q-check-in=2021-12-29&q-check-out=2021-12-30&q-rooms=1&q-room-0-adults=2&q-room-0-children=0
Spain,https://fr.hotels.com/search.do?destination-id=447112&q-check-in=2021-12-29&q-check-out=2021-12-30&q-rooms=1&q-room-0-adults=2&q-room-0-children=0
Spain,https://fr.hotels.com/search.do?destination-id=444495&q-check-in=2021-12-29&q-check-out=2021-12-30&q-rooms=1&q-room-0-adults=2&q-room-0-children=0
Slovenia,https://fr.hotels.com/search.do?destination-id=10233354&q-check-in=2021-12-29&q-check-out=2021-12-30&q-rooms=1&q-room-0-adults=2&q-room-0-children=0&sort-order=BEST_SELLER
Slovakia,https://fr.hotels.com/search.do?destination-id=10233155&q-check-in=2021-12-29&q-check-out=2021-12-30&q-rooms=1&q-room-0-adults=2&q-room-0-children=0&sort-order=BEST_SELLER
Turkey,https://fr.hotels.com/search.do?destination-id=10233176&q-check-in=2021-12-29&q-check-out=2021-12-30&q-rooms=1&q-room-0-adults=2&q-room-0-children=0&sort-order=BEST_SELLER
Ukraine,https://fr.hotels.com/search.do?destination-id=10233181&q-check-in=2021-12-29&q-check-out=2021-12-30&q-rooms=1&q-room-0-adults=2&q-room-0-children=0&sort-order=BEST_SELLER
United States,https://fr.hotels.com/search.do?destination-id=1506246&q-check-in=2021-12-29&q-check-out=2021-12-30&q-rooms=1&q-room-0-adults=2&q-room-0-children=0&sort-order=BEST_SELLER
United States,https://fr.hotels.com/search.do?destination-id=10233198&q-check-in=2021-12-29&q-check-out=2021-12-30&q-rooms=1&q-room-0-adults=2&q-room-0-children=0&sort-order=BEST_SELLER
United States,https://fr.hotels.com/search.do?destination-id=1504033&q-check-in=2021-12-29&q-check-out=2021-12-30&q-rooms=1&q-room-0-adults=2&q-room-0-children=0&sort-order=BEST_SELLER
United States,https://fr.hotels.com/search.do?destination-id=1493604&q-check-in=2021-12-29&q-check-out=2021-12-30&q-rooms=1&q-room-0-adults=2&q-room-0-children=0&sort-order=BEST_SELLER
Tunisia,https://fr.hotels.com/search.do?destination-id=10233175&q-check-in=2022-01-01&q-check-out=2022-01-02&q-rooms=1&q-room-0-adults=2&q-room-0-children=0
